{
  "timestamp": "20260125_0347",
  "test_indices": [
    150,
    151,
    152,
    153,
    154,
    155,
    156,
    157,
    158,
    159
  ],
  "test_labels": [
    1,
    1,
    2,
    1,
    3,
    3,
    1,
    0,
    3,
    1
  ],
  "mse_overall": 0.0031732392963021994,
  "psnr_overall": 24.985151290893555,
  "mse_per_sample": [
    0.0032004204113036394,
    0.0031945568043738604,
    0.0031327696051448584,
    0.003143531968817115,
    0.0031684653367847204,
    0.003163727931678295,
    0.003210951341316104,
    0.003215710399672389,
    0.0031628392171114683,
    0.0031394194811582565
  ],
  "psnr_per_sample": [
    24.94792938232422,
    24.955894470214844,
    25.04071807861328,
    25.025821685791016,
    24.99151039123535,
    24.998008728027344,
    24.93366241455078,
    24.927230834960938,
    24.999229431152344,
    25.03150749206543
  ],
  "per_class": {
    "Linear": {
      "mse": 0.003215710399672389,
      "psnr": 24.927230834960938
    },
    "Circular": {
      "mse": 0.0031777762342244387,
      "psnr": 24.978961944580078
    },
    "Helical": {
      "mse": 0.0031327696051448584,
      "psnr": 25.04071807861328
    },
    "Parabolic": {
      "mse": 0.0031650110613554716,
      "psnr": 24.996248245239258
    }
  }
}