{
  "train_loss": [
    0.29382187286244027,
    0.06668195377532689,
    0.0503755917085246,
    0.0454257895138913,
    0.04547819934253182,
    0.03900694754713821,
    0.03624995765534954,
    0.028506710364978524,
    0.03393334572366069,
    0.026664914396990622
  ],
  "train_acc": [
    0.8862331698152593,
    0.9840308944786557,
    0.98757958459451,
    0.9898757958459451,
    0.9895626761298403,
    0.9919632606199771,
    0.9925895000521866,
    0.9944682183488154,
    0.992485126813485,
    0.9957206972132345
  ],
  "val_loss": [
    1.8728877030886137,
    1.854775382922246,
    2.4000166746286244,
    2.0000222004376926,
    2.5176974810086765,
    2.2142174610724816,
    2.596945285797119,
    2.534483781227699,
    1.6982032152322621,
    2.185166569856497
  ],
  "val_acc": [
    0.5180722891566265,
    0.5201676270298585,
    0.5144054478784704,
    0.5159769512833945,
    0.5222629649030907,
    0.5154531168150864,
    0.5500261917234154,
    0.535882661079099,
    0.5500261917234154,
    0.5495023572551074
  ],
  "val_persistent_acc": [
    0.4987389659520807,
    0.510718789407314,
    0.4987389659520807,
    0.5069356872635561,
    0.5119798234552333,
    0.5,
    0.562421185372005,
    0.5359394703656999,
    0.5611601513240857,
    0.5617906683480454
  ],
  "val_transient_acc": [
    0.6130030959752322,
    0.56656346749226,
    0.5913312693498453,
    0.5603715170278638,
    0.5727554179566563,
    0.5913312693498453,
    0.4891640866873065,
    0.5356037151702786,
    0.4953560371517028,
    0.4891640866873065
  ]
}