{
  "epoch": 30,
  "max_epochs": 30,
  "train_loss": 7.450576884338034e-10,
  "val_loss": 0.0,
  "val_accuracy": 1.0,
  "attention_ratio": 1.257080862446437,
  "consistency": 0.38095238095238093
}